{
  "Harukon": {
    "Miss Fortune": {
      "winrate": 0.0,
      "KDA": 1.0909090909090908,
      "wins": 0,
      "losses": 1,
      "totalGames": 1
    },
    "Kayle": {
      "winrate": 0.3333333333333333,
      "KDA": 2.0,
      "wins": 1,
      "losses": 2,
      "totalGames": 3
    },
    "Riven": {
      "winrate": 0.625,
      "KDA": 3.4551724137931035,
      "wins": 20,
      "losses": 12,
      "totalGames": 32
    },
    "Senna": {
      "winrate": 0.75,
      "KDA": 6.333333333333333,
      "wins": 3,
      "losses": 1,
      "totalGames": 4
    },
    "Ashe": {
      "winrate": 0.6666666666666666,
      "KDA": 3.0555555555555554,
      "wins": 2,
      "losses": 1,
      "totalGames": 3
    },
    "Kai'Sa": {
      "winrate": 0.6666666666666666,
      "KDA": 4.46875,
      "wins": 6,
      "losses": 3,
      "totalGames": 9
    },
    "Katarina": {
      "winrate": 0.8,
      "KDA": 4.15,
      "wins": 4,
      "losses": 1,
      "totalGames": 5
    },
    "Samira": {
      "winrate": 0.7777777777777778,
      "KDA": 3.3404255319148937,
      "wins": 7,
      "losses": 2,
      "totalGames": 9
    },
    "LeBlanc": {
      "winrate": 0.5555555555555556,
      "KDA": 4.102564102564102,
      "wins": 5,
      "losses": 4,
      "totalGames": 9
    },
    "Irelia": {
      "winrate": 0.25,
      "KDA": 2.9696969696969697,
      "wins": 1,
      "losses": 3,
      "totalGames": 4
    },
    "Cho'Gath": {
      "winrate": 1.0,
      "KDA": 3.2857142857142856,
      "wins": 3,
      "losses": 0,
      "totalGames": 3
    },
    "Zoe": {
      "winrate": 0.5,
      "KDA": 2.4444444444444446,
      "wins": 1,
      "losses": 1,
      "totalGames": 2
    },
    "Tristana": {
      "winrate": 0.0,
      "KDA": 3.1538461538461537,
      "wins": 0,
      "losses": 2,
      "totalGames": 2
    },
    "Sivir": {
      "winrate": 1.0,
      "KDA": 4.666666666666667,
      "wins": 1,
      "losses": 0,
      "totalGames": 1
    },
    "Camille": {
      "winrate": 0.8,
      "KDA": 6.214285714285714,
      "wins": 4,
      "losses": 1,
      "totalGames": 5
    },
    "Fiora": {
      "winrate": 1.0,
      "KDA": 5.375,
      "wins": 2,
      "losses": 0,
      "totalGames": 2
    },
    "Morgana": {
      "winrate": 1.0,
      "KDA": 5.75,
      "wins": 1,
      "losses": 0,
      "totalGames": 1
    },
    "Ryze": {
      "winrate": 0.0,
      "KDA": 1.3333333333333333,
      "wins": 0,
      "losses": 1,
      "totalGames": 1
    },
    "Kassadin": {
      "winrate": 0.6666666666666666,
      "KDA": 6.142857142857143,
      "wins": 2,
      "losses": 1,
      "totalGames": 3
    },
    "Poppy": {
      "winrate": 1.0,
      "KDA": 14.0,
      "wins": 1,
      "losses": 0,
      "totalGames": 1
    }
  },
  "Dakg\u00f8gi": {
    "Kayle": {
      "winrate": 0.0,
      "KDA": 2.75,
      "wins": 0,
      "losses": 2,
      "totalGames": 2
    },
    "Ekko": {
      "winrate": 0.5,
      "KDA": 2.0610687022900764,
      "wins": 23,
      "losses": 23,
      "totalGames": 46
    },
    "Orianna": {
      "winrate": 0.25,
      "KDA": 1.65,
      "wins": 1,
      "losses": 3,
      "totalGames": 4
    },
    "Kindred": {
      "winrate": 0.25,
      "KDA": 1.5172413793103448,
      "wins": 1,
      "losses": 3,
      "totalGames": 4
    },
    "Twisted Fate": {
      "winrate": 0.0,
      "KDA": 1.9,
      "wins": 0,
      "losses": 2,
      "totalGames": 2
    },
    "Lucian": {
      "winrate": 1.0,
      "KDA": 1.25,
      "wins": 1,
      "losses": 0,
      "totalGames": 1
    },
    "Vladimir": {
      "winrate": 1.0,
      "KDA": 12.0,
      "wins": 2,
      "losses": 0,
      "totalGames": 2
    },
    "Yasuo": {
      "winrate": 0.7142857142857143,
      "KDA": 2.7674418604651163,
      "wins": 5,
      "losses": 2,
      "totalGames": 7
    },
    "Aatrox": {
      "winrate": 0.0,
      "KDA": 0.2727272727272727,
      "wins": 0,
      "losses": 1,
      "totalGames": 1
    },
    "Mordekaiser": {
      "winrate": 0.0,
      "KDA": 2.0,
      "wins": 0,
      "losses": 1,
      "totalGames": 1
    },
    "Gangplank": {
      "winrate": 1.0,
      "KDA": 2.142857142857143,
      "wins": 1,
      "losses": 0,
      "totalGames": 1
    },
    "Blitzcrank": {
      "winrate": 0.0,
      "KDA": 0.16666666666666666,
      "wins": 0,
      "losses": 1,
      "totalGames": 1
    },
    "Shen": {
      "winrate": 0.42857142857142855,
      "KDA": 3.033333333333333,
      "wins": 3,
      "losses": 3,
      "totalGames": 7
    },
    "Ezreal": {
      "winrate": 0.0,
      "KDA": 1.5,
      "wins": 0,
      "losses": 1,
      "totalGames": 1
    },
    "Zed": {
      "winrate": 0.7142857142857143,
      "KDA": 3.081081081081081,
      "wins": 5,
      "losses": 2,
      "totalGames": 7
    },
    "Fizz": {
      "winrate": 0.3333333333333333,
      "KDA": 1.8181818181818181,
      "wins": 1,
      "losses": 2,
      "totalGames": 3
    },
    "Pantheon": {
      "winrate": 1.0,
      "KDA": 2.3333333333333335,
      "wins": 1,
      "losses": 0,
      "totalGames": 1
    },
    "Galio": {
      "winrate": 1.0,
      "KDA": 4.0,
      "wins": 2,
      "losses": 0,
      "totalGames": 2
    },
    "Yone": {
      "winrate": 0.5,
      "KDA": 1.8333333333333333,
      "wins": 2,
      "losses": 2,
      "totalGames": 4
    },
    "Ashe": {
      "winrate": 0.0,
      "KDA": 0.7,
      "wins": 0,
      "losses": 1,
      "totalGames": 1
    },
    "Malphite": {
      "winrate": 0.0,
      "KDA": 1.7777777777777777,
      "wins": 0,
      "losses": 1,
      "totalGames": 1
    },
    "Nunu & Willump": {
      "winrate": 1.0,
      "KDA": 5.2,
      "wins": 1,
      "losses": 0,
      "totalGames": 1
    }
  },
  "Enfi": {
    "Irelia": {
      "winrate": 0.5,
      "KDA": 1.4587155963302751,
      "wins": 26,
      "losses": 25,
      "totalGames": 52
    },
    "Tryndamere": {
      "winrate": 0.55,
      "KDA": 1.838095238095238,
      "wins": 22,
      "losses": 18,
      "totalGames": 40
    },
    "Master Yi": {
      "winrate": 0.0,
      "KDA": 0.7,
      "wins": 0,
      "losses": 1,
      "totalGames": 1
    },
    "Nasus": {
      "winrate": 0.6,
      "KDA": 2.08,
      "wins": 3,
      "losses": 2,
      "totalGames": 5
    },
    "Fiora": {
      "winrate": 0.5,
      "KDA": 1.1428571428571428,
      "wins": 1,
      "losses": 1,
      "totalGames": 2
    }
  },
  "Chogath Jungle": {
    "Graves": {
      "winrate": 0.0,
      "KDA": 0.5555555555555556,
      "wins": 0,
      "losses": 1,
      "totalGames": 1
    },
    "Ekko": {
      "winrate": 0.4,
      "KDA": 2.769230769230769,
      "wins": 2,
      "losses": 3,
      "totalGames": 5
    },
    "Sylas": {
      "winrate": 0.0,
      "KDA": 1.6666666666666667,
      "wins": 0,
      "losses": 3,
      "totalGames": 3
    },
    "Evelynn": {
      "winrate": 0.3333333333333333,
      "KDA": 1.3157894736842106,
      "wins": 1,
      "losses": 2,
      "totalGames": 3
    },
    "Sett": {
      "winrate": 0.0,
      "KDA": 1.4444444444444444,
      "wins": 0,
      "losses": 1,
      "totalGames": 1
    },
    "Gragas": {
      "winrate": 0.45454545454545453,
      "KDA": 2.8823529411764706,
      "wins": 5,
      "losses": 6,
      "totalGames": 11
    },
    "Volibear": {
      "winrate": 0.5,
      "KDA": 4.0,
      "wins": 1,
      "losses": 1,
      "totalGames": 2
    },
    "Trundle": {
      "winrate": 0.6666666666666666,
      "KDA": 3.272727272727273,
      "wins": 2,
      "losses": 1,
      "totalGames": 3
    },
    "Taric": {
      "winrate": 0.6190476190476191,
      "KDA": 3.183673469387755,
      "wins": 13,
      "losses": 8,
      "totalGames": 21
    },
    "Jarvan IV": {
      "winrate": 0.5217391304347826,
      "KDA": 3.6814159292035398,
      "wins": 12,
      "losses": 11,
      "totalGames": 23
    },
    "Cho'Gath": {
      "winrate": 0.38461538461538464,
      "KDA": 1.9651162790697674,
      "wins": 5,
      "losses": 8,
      "totalGames": 13
    },